,Specialité,Commune,Nom,Adresse,Téléphone,Honoraires,Convention
0,anesthesiste-reanimateur,59910,KONE FEZING  ALEXANDRE,ALEXANDRE KONE 531 RUE RENE D'HESPEL 59910 BONDUES,,Honoraires sans dépassement,Conventionné secteur 1
1,anesthesiste-reanimateur,59223,LAURENT  GABRIELLE,SELARL DR LAURENT CLINIQUE  ST ROCH 56 RUE DE LILLE 59223 RONCQ,08 26 20 68 68,Honoraires libres,Conventionné secteur 2
2,anesthesiste-reanimateur,59223,FEUILLAFEE  JACK,CLINIQUE ST ROCH 56 RUE DE LILLE 59223 RONCQ,03 20 25 43 83,Honoraires sans dépassement,Conventionné secteur 1
3,anesthesiste-reanimateur,59223,DUBOIS  PIERRE YVES,CLINIQUE CHIRURGICALE ST ROCH 56 RUE DE LILLE 59223 RONCQ,,Honoraires sans dépassement,Conventionné secteur 1
4,anesthesiste-reanimateur,59100,WILLEMS  AXEL,CLINIQUE ST JEAN 34 RUE ST JEAN 59100 ROUBAIX,,Honoraires libres,Conventionné secteur 2
5,anesthesiste-reanimateur,59100,AMROUNI  HOUCINE,SELARL HOUCINE AMROUNI ENTREE A 19 RUE DES ECOLES 59100 ROUBAIX,03 20 94 80 50,Honoraires libres,Conventionné secteur 2
6,anesthesiste-reanimateur,59200,THOUVENIN  THIERRY,CLINIQUE DE LA VICTOIRE 1 QUAI DU HAVRE 59200 TOURCOING,03 20 11 50 47,Honoraires libres,Conventionné secteur 2
7,anesthesiste-reanimateur,59200,KOSZTUR  THOMAS,CABINET PRIVE DU DR THOMAS KOSZTUR CH TOURCOING 135 RUE DU PRESIDENT COTY 59200 TOURCOING,03 20 69 49 49,Honoraires sans dépassement,Conventionné secteur 1
8,anesthesiste-reanimateur,59200,WILLEMS  AXEL,CLINIQUE DE LA VICTOIRE 1 QUAI DU HAVRE 59200 TOURCOING,,Honoraires libres,Conventionné secteur 2
9,anesthesiste-reanimateur,59200,GUERMOUCHE  TAOUFIK,CLINIQUE DU VAL DE LYS 167 RUE NATIONALE 59200 TOURCOING,,Honoraires libres,Conventionné secteur 2
10,anesthesiste-reanimateur,59200,EWOMBE MBALLE  NICOLE,CLINIQUE DU VAL DE LYS 167 RUE NATIONALE 59200 TOURCOING,03 20 23 47 00,Honoraires libres,Conventionné secteur 2
11,anesthesiste-reanimateur,59200,EWOMBE MBALLE  NICOLE,SELARL NEMCIN 2 RUE DES COULONS 59200 TOURCOING,03 20 88 71 10,Honoraires libres,Conventionné secteur 2
12,anesthesiste-reanimateur,59200,JARLOT  JACQUES,CLINIQUE DE LA VICTOIRE 1 QUAI DU HAVRE 59200 TOURCOING,03 20 11 50 47,Honoraires avec dépassements maîtrisés (contrat d'accès aux soins),Conventionné secteur 1 avec contrat d'accès aux soins
13,anesthesiste-reanimateur,59200,BOSQUET  THIERRY,CLINIQUE DE LA VICTOIRE 1 QUAI DU HAVRE 59200 TOURCOING,03 20 11 50 00,Honoraires avec dépassements maîtrisés (contrat d'accès aux soins),Conventionné secteur 1 avec contrat d'accès aux soins
14,anesthesiste-reanimateur,59200,TSOURIA BELAID  DJAMEL,CLINIQUE DE LA VICTOIRE 1 QUAI DU HAVRE 59200 TOURCOING,03 20 11 50 47,Honoraires libres,Conventionné secteur 2
15,anesthesiste-reanimateur,59200,DORADO REYES  CARLOS,SCP JARLOT LOUGUET BOSQUET DORADO THOU 1 QUAI DU HAVRE 59200 TOURCOING,03 20 11 50 47,Honoraires libres,Conventionné secteur 2
