,Specialité,Commune,Nom,Adresse,Téléphone,Honoraires,Convention
0,chirurgien-urologue,59223,BLOIS  NICOLAS,CLINIQUE ST ROCH 56 RUE DE LILLE 59223 RONCQ,08 26 20 68 68,Honoraires libres,Conventionné secteur 2
1,chirurgien-urologue,59223,BERTRAND  PATRICK,CABINET DU DR PATRICK BERTRAND 56 RUE DE LILLE 59223 RONCQ,,Honoraires libres,Conventionné secteur 2
2,chirurgien-urologue,59100,BLOIS  NICOLAS,CABINET DU DR NICOLAS BLOIS 6 RUE DE LILLE 59100 ROUBAIX,03 20 66 14 81,Honoraires libres,Conventionné secteur 2
3,chirurgien-urologue,59100,BERTRAND  PATRICK,6 RUE DE LILLE 59100 ROUBAIX,03 20 66 14 81,Honoraires libres,Conventionné secteur 2
4,chirurgien-urologue,59100,PECOUX  FRANCOIS,CAB PRIVE DU DR FRANCOIS HERVE PECOUX H.V.PROVO SERV.UROLOGIE 11-17 BD LACORDAIRE 59100 ROUBAIX,03 20 99 15 02,Honoraires libres,Conventionné secteur 2
5,chirurgien-urologue,59200,HATTAB  BAGHDAD,CLINIQUE DU VAL DE LYS 167 RUE NATIONALE 59200 TOURCOING,03 20 23 47 00,Honoraires libres,Conventionné secteur 2
6,chirurgien-urologue,59200,HATTAB  BAGHDAD,SELARL DR HATTAB 1 QUAI DU HAVRE 59200 TOURCOING,03 20 11 50 00,Honoraires libres,Conventionné secteur 2
7,chirurgien-urologue,59200,SAUVAGE  LAURENT,CLINIQUE DE LA VICTOIRE 1 QUAI DU HAVRE 59200 TOURCOING,03 20 11 51 49,Honoraires libres,Conventionné secteur 2
8,chirurgien-urologue,59200,KOENIG  PHILIPPE,CLINIQUE DE LA VICTOIRE 1 QUAI DU HAVRE 59200 TOURCOING,,Honoraires libres,Conventionné secteur 2
9,chirurgien-urologue,59200,SORET  RAPHAEL,CLINIQUE DE LA VICTOIRE 1 QUAI DU HAVRE 59200 TOURCOING,03 20 11 50 49,Honoraires libres,Conventionné secteur 2
