,Specialité,Commune,Nom,Adresse,Téléphone,Honoraires,Convention
0,chirurgien-general,59223,CHOUGHARI  LOUBNAN,CABINET DU DR LOUBNAN CHOUGHARI CLINIQUE ST ROCH 56 RUE DE LILLE 59223 RONCQ,08 26 20 68 68,Honoraires libres,Conventionné secteur 2
1,chirurgien-general,59100,PODVIN  ALEXANDRE,CLINIQUE ST JEAN 34 RUE ST JEAN 59100 ROUBAIX,,Honoraires libres,Conventionné secteur 2
2,chirurgien-general,59100,PODVIN  ALEXANDRE,CABINET DU DR ALEXANDRE PODVIN 72 BOULEVARD DU GAL DE GAULLE 59100 ROUBAIX,03 20 66 98 21,Honoraires libres,Conventionné secteur 2
3,chirurgien-general,59100,WAELS  DOMINIQUE,RESIDENCE CHANTILLY 40 RUE DE BARBIEUX 59100 ROUBAIX,03 20 24 88 79,Honoraires libres,Conventionné secteur 2
4,chirurgien-general,59200,COMBEMALE  FREDERIC,CLINIQUE DE LA VICTOIRE 1 QUAI DU HAVRE 59200 TOURCOING,03 20 11 50 10,Honoraires libres,Conventionné secteur 2
5,chirurgien-general,59200,DELACROIX  HERVE,CLINIQUE DE LA VICTOIRE CLINIQUE DE LA VICTOIRE 1 QUAI DU HAVRE 59200 TOURCOING,,Honoraires libres,Conventionné secteur 2
6,chirurgien-general,59200,BERTAUX  DOMINIQUE,CLINIQUE DE LA VICTOIRE 1 QUAI DU HAVRE 59200 TOURCOING,03 20 11 50 00,Honoraires libres,Conventionné secteur 2
7,chirurgien-general,59200,MILLOT  FREDERIC,CLINIQUE DE LA VICTOIRE CLINIQUE DE LA VICTOIRE 1 QUAI DU HAVRE 59200 TOURCOING,03 20 11 51 49,Honoraires libres,Conventionné secteur 2
8,chirurgien-general,59200,SARRAZ BOURNET  BEATRICE,MAISON MEDICALE SAINTE ANNE 382 CHAUSSEE DENIS PAPIN 59200 TOURCOING,03 20 94 69 87,Honoraires libres,Conventionné secteur 2
9,chirurgien-general,59200,PODVIN  ALEXANDRE,CLINIQUE LE VAL DE LYS CLINIQUE LE VAL DE LYS 167 RUE NATIONALE 59200 TOURCOING,03 20 23 47 00,Honoraires libres,Conventionné secteur 2
