,Specialité,Commune,Nom,Adresse,Téléphone,Honoraires,Convention
0,dermatologue-et-venerologue,59910,VAN BELLE  EMMANUELLE,CABINET DU DR EMMANUELLE VANBELLE COCU 792 AVENUE DU GENERAL DE GAULLE 59910 BONDUES,03 20 94 50 44,Honoraires sans dépassement,Conventionné secteur 1
1,dermatologue-et-venerologue,59510,NUNIO VALENTIN  CECILE,CABINET DU DR CECILE NUNIO VALENTIN 309B RUE JULES GUESDE 59510 HEM,03 20 72 32 31,Honoraires sans dépassement,Conventionné secteur 1
2,dermatologue-et-venerologue,59510,NUNIO VALENTIN  CECILE,CABINET DU DR CECILE NUNIO VALENTIN 309B RUE JULES GUESDE 59510 HEM,03 20 72 32 31,Honoraires sans dépassement,Conventionné secteur 1
3,dermatologue-et-venerologue,59390,DE ROCCO  FRANCK,134B RUE JULES GUESDE 59390 LYS LEZ LANNOY,03 20 75 39 39,Honoraires libres,Conventionné secteur 2
4,dermatologue-et-venerologue,59390,DE ROCCO  FRANCK,134B RUE JULES GUESDE 59390 LYS LEZ LANNOY,03 20 75 39 39,Honoraires libres,Conventionné secteur 2
5,dermatologue-et-venerologue,59420,DUFOUR  AGNES,35 RUE KLEBER 59420 MOUVAUX,03 20 36 33 36,Honoraires sans dépassement,Conventionné secteur 1
6,dermatologue-et-venerologue,59100,PLANTIER  DANIEL,26B RUE DE LA POSTE 59100 ROUBAIX,03 20 72 44 72,Honoraires sans dépassement,Conventionné secteur 1
7,dermatologue-et-venerologue,59100,RICHE  FRANCOISE,CABINET DRS RICHE ET DUFOUR 42 RUE DU MARECHAL FOCH 59100 ROUBAIX,03 20 36 40 70,Honoraires sans dépassement,Conventionné secteur 1
8,dermatologue-et-venerologue,59100,IDRI  MALIKA,CABINET DU DR MALIKA IDRI 9 RUE NOTRE DAME DES VICTOIRES 59100 ROUBAIX,03 20 66 96 92,Honoraires sans dépassement,Conventionné secteur 1
9,dermatologue-et-venerologue,59100,BARRE  VERONIQUE,CABINET DU DOCTEUR VERONIQUE BARRE 16 BOULEVARD DU GENERAL DE GAULLE 59100 ROUBAIX,03 20 70 89 74,Honoraires sans dépassement,Conventionné secteur 1
10,dermatologue-et-venerologue,59100,GIVERT  CHANTAL,ETAGE 4 2 AVENUE JEAN LEBAS 59100 ROUBAIX,03 20 73 49 83,Honoraires avec dépassements maîtrisés (contrat d'accès aux soins),Conventionné secteur 2 avec contrat d'accès aux soins
11,dermatologue-et-venerologue,59390,DE ROCCO  FRANCK,134B RUE JULES GUESDE 59390 LYS LEZ LANNOY,03 20 75 39 39,Honoraires libres,Conventionné secteur 2
12,dermatologue-et-venerologue,59390,DE ROCCO  FRANCK,134B RUE JULES GUESDE 59390 LYS LEZ LANNOY,03 20 75 39 39,Honoraires libres,Conventionné secteur 2
13,dermatologue-et-venerologue,59200,RONNE  PASCALE,49 RUE CARNOT 59200 TOURCOING,03 20 25 35 23,Honoraires libres,Conventionné secteur 2
14,dermatologue-et-venerologue,59200,HANUS  MARIE,CABINET DU DR MARIE DELDALLE 382 CHAUSSEE DENIS PAPIN 59200 TOURCOING,03 20 94 69 87,Honoraires sans dépassement,Conventionné secteur 1
15,dermatologue-et-venerologue,59200,BEIGHELDRUT  ALEXIS,29 RUE DE LA CLOCHE 59200 TOURCOING,03 20 76 64 22,Honoraires avec dépassements maîtrisés (contrat d'accès aux soins),Conventionné secteur 2 avec contrat d'accès aux soins
16,dermatologue-et-venerologue,59200,PROFESSEUR MODIANO  PHILIPPE,CABINET DU DR PHILIPPE MODIANO 214 BOULEVARD CONSTANTIN DESCAT 59200 TOURCOING,03 20 24 38 55,Honoraires avec dépassements maîtrisés (contrat d'accès aux soins),Conventionné secteur 2 avec contrat d'accès aux soins
17,dermatologue-et-venerologue,59200,HACCART  MATTHIEU,95 RUE NATIONALE 59200 TOURCOING,03 20 26 56 96,Honoraires avec dépassements maîtrisés (contrat d'accès aux soins),Conventionné secteur 2 avec contrat d'accès aux soins
18,dermatologue-et-venerologue,59290,CHEBANI  KHEIRA,1 RUE JEAN MACE 59290 WASQUEHAL,03 20 98 40 82,Honoraires libres,Conventionné secteur 2
19,dermatologue-et-venerologue,59150,ACCARY MACAIRE  CAROLINE,1 RUE D'ALSACE 59150 WATTRELOS,03 20 82 38 88,Honoraires sans dépassement,Conventionné secteur 1
20,dermatologue-et-venerologue,59150,NORY  MURIEL,170 RUE CARNOT 59150 WATTRELOS,03 20 83 50 40,Honoraires libres,Conventionné secteur 2
