,Specialité,Commune,Nom,Adresse,Téléphone,Honoraires,Convention
0,gastro-enterologue-et-hepatologue,59170,GODCHAUX  JEAN MICHEL,CLINIQUE DU PARC 34 AVENUE DE FLANDRE 59170 CROIX,,Honoraires sans dépassement,Conventionné secteur 1
1,gastro-enterologue-et-hepatologue,59170,CASTEX  FRANCOIS,CLINIQUE DU PARC 34 AVENUE DE FLANDRE 59170 CROIX,03 20 99 41 41,Honoraires sans dépassement,Conventionné secteur 1
2,gastro-enterologue-et-hepatologue,59223,VERNIER MASSOUILLE  GWENOLA,CLINIQUE CHIRURGICALE ST ROCH 56 RUE DE LILLE 59223 RONCQ,08 26 20 68 68,Honoraires avec dépassements maîtrisés (contrat d'accès aux soins),Conventionné secteur 2 avec contrat d'accès aux soins
3,gastro-enterologue-et-hepatologue,59100,BEN ALI  HOUSSEM,CABINET DU DR HOUSSEM BEN ALI 2 BOULEVARD DU GENERAL LECLERC 59100 ROUBAIX,03 20 27 01 07,Honoraires sans dépassement,Conventionné secteur 1
4,gastro-enterologue-et-hepatologue,59100,GODCHAUX  JEAN MICHEL,RESIDENCE DU THEATRE 16 RUE DU COQ FRANCAIS 59100 ROUBAIX,03 20 73 22 71,Honoraires sans dépassement,Conventionné secteur 1
5,gastro-enterologue-et-hepatologue,59100,CASTEX  FRANCOIS,SELARL CABINET DU DOCTEUR CASTEX SELARL CAB DR CASTEX 2B BOULEVARD DU GENERAL LECLERCQ 59100 ROUBAIX,03 20 27 01 07,Honoraires sans dépassement,Conventionné secteur 1
6,gastro-enterologue-et-hepatologue,59100,CASTEX  FRANCOIS,CLINIQUE ST JEAN CLINIQUE ST JEAN 34 RUE ST JEAN 59100 ROUBAIX,03 20 99 34 34,Honoraires sans dépassement,Conventionné secteur 1
7,gastro-enterologue-et-hepatologue,59100,NOTTEGHEM  BERTRAND,SELURL CABINET DU DR NOTTEGHEM SELURL CAB DR NOTTEGHEM 16 RUE DU COQ FRANCAIS 59100 ROUBAIX,03 20 73 22 71,Honoraires avec dépassements maîtrisés (contrat d'accès aux soins),Conventionné secteur 1 avec contrat d'accès aux soins
8,gastro-enterologue-et-hepatologue,59100,DESSEAUX  GERARD,C.HOSP VICTOR PROVO BOULEVARD LACORDAIRE 11/17 59100 ROUBAIX,,Honoraires sans dépassement,Conventionné secteur 1
9,gastro-enterologue-et-hepatologue,59200,VERNIER MASSOUILLE  GWENOLA,15 QUAI DE CHERBOURG 59200 TOURCOING,03 20 25 01 84,Honoraires avec dépassements maîtrisés (contrat d'accès aux soins),Conventionné secteur 2 avec contrat d'accès aux soins
10,gastro-enterologue-et-hepatologue,59200,JARRY NOIRON  MARINE,CABINET DU DR MARINE JARRY NOIRON 15 QUAI DE CHERBOURG 59200 TOURCOING,03 20 25 01 84,Honoraires libres,Conventionné secteur 2
11,gastro-enterologue-et-hepatologue,59200,BAZIN  BRICE,15 QUAI DE CHERBOURG 59200 TOURCOING,03 20 25 01 84,Honoraires avec dépassements maîtrisés (contrat d'accès aux soins),Conventionné secteur 1 avec contrat d'accès aux soins
12,gastro-enterologue-et-hepatologue,59200,CASSAGNOU  MICHEL,15 QUAI DE CHERBOURG 59200 TOURCOING,03 20 01 45 20,Honoraires libres,Conventionné secteur 2
13,gastro-enterologue-et-hepatologue,59200,BEN ALI  HOUSSEM,CLINIQUE DE LA VICTOIRE CLINIQUE DE LA VICTOIRE 1 QUAI DU HAVRE 59200 TOURCOING,,Honoraires sans dépassement,Conventionné secteur 1
14,gastro-enterologue-et-hepatologue,59150,LEPLAT  ANTOINE,CABINET DU DR ANTOINE LEPLAT 24 RUE DE CALAIS 59150 WATTRELOS,03 20 02 08 27,Honoraires sans dépassement,Conventionné secteur 1
