,Specialité,Commune,Nom,Adresse,Téléphone,Honoraires,Convention
0,gynecologue-obstetricien,59100,URBAIN  PHILIPPE,CABINET DU DR PHILIPPE URBAIN CAB.DU DR PHILLIPE URBAIN 2 BOULEVARD DU GENERAL LECLERC 59100 ROUBAIX,03 20 73 71 73,Honoraires avec dépassements maîtrisés (contrat d'accès aux soins),Conventionné secteur 2 avec contrat d'accès aux soins
1,gynecologue-obstetricien,59200,LEROY  THERESE,1 QUAI DU HAVRE 59200 TOURCOING,03 20 01 08 55,Honoraires libres,Conventionné secteur 2
2,gynecologue-obstetricien,59200,ALI CHAOUCHE  ZAHR EDDINE,CLINIQUE DU VAL DE LYS 167 RUE NATIONALE 59200 TOURCOING,03 20 23 47 00,Honoraires libres,Conventionné secteur 2
3,gynecologue-obstetricien,59200,ALI CHAOUCHE  ZAHR EDDINE,CABINET DU DR ZAHR EDDINE ALI CHAOUCHE 2 RUE DES COULONS 59200 TOURCOING,03 20 26 89 00,Honoraires libres,Conventionné secteur 2
4,gynecologue-obstetricien,59200,WARIN  FRANCK,CABINET DU DR FRANCK WARIN 167 RUE NATIONALE 59200 TOURCOING,03 20 01 88 46,Honoraires sans dépassement,Conventionné secteur 1
5,gynecologue-obstetricien,59200,WARIN  FRANCK,CLINIQUE DU VAL DE LYS 167 RUE NATIONALE 59200 TOURCOING,03 20 01 88 46,Honoraires sans dépassement,Conventionné secteur 1
6,gynecologue-obstetricien,59200,PARIENTE  JULIE,CABINET DU DR THERESE LEROY BRASME CLINIQUE DE LA VICTOIRE 1 QUAI DU HAVRE 59200 TOURCOING,03 20 01 08 55,Honoraires libres,Conventionné secteur 2
7,gynecologue-obstetricien,59200,VANDAELE  CHARLES,CABINET DU DR CHARLES VANDAELE 2 RUE DES COULONS 59200 TOURCOING,03 20 26 89 00,Honoraires avec dépassements maîtrisés (contrat d'accès aux soins),Conventionné secteur 2 avec contrat d'accès aux soins
8,gynecologue-obstetricien,59200,HACKER  REGIS,SELARL DU DOCTEUR HACKER CLINIQUE DU VAL DE LYS 167 RUE NATIONALE 59200 TOURCOING,03 20 11 25 00,Honoraires avec dépassements maîtrisés (contrat d'accès aux soins),Conventionné secteur 2 avec contrat d'accès aux soins
