,Specialité,Commune,Nom,Adresse,Téléphone,Honoraires,Convention
0,ophtalmologiste,59170,DRUMARE BOUVET  ISABELLE,CABINET DU DR ISABELLE DRUMARE BOUVET 6 RUE HENRI GHESQUIERE 59170 CROIX,03 20 98 26 14,Honoraires avec dépassements maîtrisés (contrat d'accès aux soins),Conventionné secteur 1 avec contrat d'accès aux soins
1,ophtalmologiste,59170,DUMORTIER  DOMINIQUE,CABINET DU DR DOMINIQUE MARTIN 6 RUE HENRI GHESQUIERE 59170 CROIX,03 20 98 26 14,Honoraires sans dépassement,Conventionné secteur 1
2,ophtalmologiste,59170,KARKOUTLY REZVOY  CELINE,CLINIQUE DU PARC CROIX CLINIQUE DU PARC 34 AVENUE DE FLANDRE 59170 CROIX,03 20 99 41 41,Honoraires libres,Conventionné secteur 2
3,ophtalmologiste,59170,GUILLEMOT  ODILE,CABINET DU DR ODILE GUILLEMOT BOUTET 6 RUE HENRI GHESQUIERE 59170 CROIX,03 20 98 26 14,Honoraires sans dépassement,Conventionné secteur 1
4,ophtalmologiste,59100,GEVART  FREDERIC,SELARL DIDIER MOUTON 72 RUE DU COQ FRANCAIS 59100 ROUBAIX,03 20 70 59 29,Honoraires libres,Conventionné secteur 2
5,ophtalmologiste,59100,GEVART  FREDERIC,CABINE DU DR CELINE KARKOUTLY PARC DES 7 LIEUES 72 RUE DU COQ FRANCAIS 59100 ROUBAIX,,Honoraires libres,Conventionné secteur 2
6,ophtalmologiste,59100,GEVART  FREDERIC,CABINET DU DR CHRISTIAN DOUCET 72 RUE DU COQ FRANCAIS 59100 ROUBAIX,,Honoraires libres,Conventionné secteur 2
7,ophtalmologiste,59100,GEVART  FREDERIC,CABINET DU DR OLIVIER LAFFINEUR 72 RUE DU COQ FRANCAIS 59100 ROUBAIX,,Honoraires libres,Conventionné secteur 2
8,ophtalmologiste,59100,MALBREL  PIERRE HENRI,50 AVENUE LINNE 59100 ROUBAIX,03 20 75 82 43,Honoraires avec dépassements maîtrisés (contrat d'accès aux soins),Conventionné secteur 1 avec contrat d'accès aux soins
9,ophtalmologiste,59100,DOUCET  CHRISTIAN,CABINET DU DR CHRISTIAN DOUCET 72 RUE DU COQ FRANCAIS 59100 ROUBAIX,03 20 70 59 29,Honoraires libres,Conventionné secteur 2
10,ophtalmologiste,59100,LENTINI  FERDINANDO,CABINETDU DR FERDINANDO LENTINI ENTREE A 19 RUE DES ECOLES 59100 ROUBAIX,03 20 94 80 59,Honoraires avec dépassements maîtrisés (contrat d'accès aux soins),Conventionné secteur 2 avec contrat d'accès aux soins
11,ophtalmologiste,59100,MOUTON  DIDIER,SELARL DIDIER MOUTON 72 RUE DU COQ FRANCAIS 59100 ROUBAIX,03 20 70 59 29,Honoraires libres,Conventionné secteur 2
12,ophtalmologiste,59100,CAB MEDICAL OPHTALMOLOGIQUE MUTUALISTE,CAB MEDICAL OPHTALMOLOGIQUE MUTUALISTE 30 BVD GAMBETTA 59100 ROUBAIX,,,
13,ophtalmologiste,59100,LAFFINEUR  OLIVIER,CABINET DU DR OLIVIER LAFFINEUR 72 RUE DU COQ FRANCAIS 59100 ROUBAIX,03 20 70 59 29,Honoraires sans dépassement,Conventionné secteur 1
14,ophtalmologiste,59100,KARKOUTLY REZVOY  CELINE,CABINET DU DR CELINE KARKOUTLY PARC DES 7 LIEUES 72 RUE DU COQ FRANCAIS 59100 ROUBAIX,03 20 70 59 29,Honoraires libres,Conventionné secteur 2
15,ophtalmologiste,59200,SIX  ALAIN,CABINET DU DR ALAIN SIX ASSO.OPHTALMO.DU BEFFROI 2 RUE FIDELE LEHOUCQ 59200 TOURCOING,03 20 27 27 51,Honoraires avec dépassements maîtrisés (contrat d'accès aux soins),Conventionné secteur 2 avec contrat d'accès aux soins
16,ophtalmologiste,59200,SIX  ALAIN,CLINIQUE DE LA VICTOIRE CLINIQUE DE LA VICTOIRE 1 QUAI DU HAVRE 59200 TOURCOING,,Honoraires avec dépassements maîtrisés (contrat d'accès aux soins),Conventionné secteur 2 avec contrat d'accès aux soins
17,ophtalmologiste,59200,OUKAID  MOHAMED,26 BOULEVARD GAMBETTA 59200 TOURCOING,03 20 26 41 21,Honoraires sans dépassement,Conventionné secteur 1
18,ophtalmologiste,59200,OUKAID  MOHAMED,CLINIQUE DE LA VICTOIRE CL.DE LA VICTOIRE 1 QUAI DU HAVRE 59200 TOURCOING,,Honoraires sans dépassement,Conventionné secteur 1
19,ophtalmologiste,59200,COLLIN  FLORENCE,CABINET DU DR FLORENCE COLLIN ASSO.OPHTALMO.DU BEFFROI 2 RUE FIDELE LEHOUCQ 59200 TOURCOING,03 20 27 27 51,Honoraires libres,Conventionné secteur 2
20,ophtalmologiste,59200,COLLIN  FLORENCE,CLINIQUE DE LA VICTOIRE 1 QUAI DU HAVRE 59200 TOURCOING,,Honoraires libres,Conventionné secteur 2
21,ophtalmologiste,59200,DE BEER  FRANCOIS,CABINET DU DR FRANCOIS DE BEER ASSO.OPHTALMO.DU BEFFROI 2 RUE FIDELE LEHOUCQ 59200 TOURCOING,03 20 27 27 51,Honoraires sans dépassement,Conventionné secteur 1
22,ophtalmologiste,59200,PAYEN  PHILIPPE,CABINET DU DR PHILIPPE PAYEN ASS.OPHTALMO.DU BEFFROI 2 RUE FIDELE LEHOUCQ 59200 TOURCOING,03 20 27 27 51,Honoraires avec dépassements maîtrisés (contrat d'accès aux soins),Conventionné secteur 2 avec contrat d'accès aux soins
23,ophtalmologiste,59200,BADGUERAHANIAN  CHRISTOPHE,26 BOULEVARD GAMBETTA 59200 TOURCOING,03 20 26 41 21,Honoraires sans dépassement,Conventionné secteur 1
24,ophtalmologiste,59200,PICQUE  PATRICK,CABINET DU DR PATRICK PICQUE ASS.OPTHALMO.DU BEFFROI 2 RUE FIDELE LEHOUCQ 59200 TOURCOING,03 20 27 27 51,Honoraires avec dépassements maîtrisés (contrat d'accès aux soins),Conventionné secteur 2 avec contrat d'accès aux soins
