,Specialité,Commune,Nom,Adresse,Téléphone,Honoraires,Convention
0,oto-rhino-laryngologue-orl-et-chirurgien-cervico-facial,59170,MORADKHANI  MAHMOUD,CABINET DU DR MAHMOUD MORADKHANI 81 RUE DE LA GARE 59170 CROIX,03 20 20 95 72,Honoraires sans dépassement,Conventionné secteur 1
1,oto-rhino-laryngologue-orl-et-chirurgien-cervico-facial,59250,RAHMANIA  HAKIM,CABINET DU DR HAKIM RAHMANIA 402 RUE DE LILLE 59250 HALLUIN,03 20 94 37 39,Honoraires sans dépassement,Conventionné secteur 1
2,oto-rhino-laryngologue-orl-et-chirurgien-cervico-facial,59223,VERNIER  CLAIRE,CLINIQUE CHIRURGICALE ST ROCH CL.ST ROCH 56 RUE DE LILLE 59223 RONCQ,08 26 20 68 68,Honoraires libres,Conventionné secteur 2
3,oto-rhino-laryngologue-orl-et-chirurgien-cervico-facial,59100,HOUSIEAUX  CAROLE,CABINET DU DR CAROLE HOUSIEAUX 9 RUE DAUBENTON 59100 ROUBAIX,03 20 70 50 21,Honoraires sans dépassement,Conventionné secteur 1
4,oto-rhino-laryngologue-orl-et-chirurgien-cervico-facial,59100,CHARLET  LAURENT,9 RUE DAUBENTON 59100 ROUBAIX,03 20 70 50 21,Honoraires libres,Conventionné secteur 2
5,oto-rhino-laryngologue-orl-et-chirurgien-cervico-facial,59100,DELOBEL  THIERRY,CABINET DU DR THIERRY DELOBEL 16 BOULEVARD DU GENERAL DE GAULLE 59100 ROUBAIX,03 20 73 20 51,Honoraires avec dépassements maîtrisés (contrat d'accès aux soins),Conventionné secteur 1 avec contrat d'accès aux soins
6,oto-rhino-laryngologue-orl-et-chirurgien-cervico-facial,59100,NGUYEN  KY TRAN,CABINET DU DR KY TRAN NGUYEN 16 BOULEVARD DU GENERAL DE GAULLE 59100 ROUBAIX,03 20 73 20 51,Honoraires libres,Conventionné secteur 2
7,oto-rhino-laryngologue-orl-et-chirurgien-cervico-facial,59200,MVOUNI OYONO  SANDRINE,SAS CLINIQUE VAL DE LYS CLINIQUE DU VAL DE LYS 167 RUE NATIONALE 59200 TOURCOING,03 20 23 47 00,Honoraires sans dépassement,Conventionné secteur 1
8,oto-rhino-laryngologue-orl-et-chirurgien-cervico-facial,59200,TONVAN  CATHERINE,49B RUE CARNOT 59200 TOURCOING,03 59 51 38 24,Honoraires sans dépassement,Conventionné secteur 1
9,oto-rhino-laryngologue-orl-et-chirurgien-cervico-facial,59200,POLLET  JEAN PIERRE,PARC ALHENA BAT I 64 AVENUE ALFRED LEFRANCOIS 59200 TOURCOING,03 20 24 83 00,Honoraires sans dépassement,Conventionné secteur 1
10,oto-rhino-laryngologue-orl-et-chirurgien-cervico-facial,59200,DEVAMBEZ  MARION,PARC ALHENA BAT I 64 AVENUE ALFRED LEFRANCOIS 59200 TOURCOING,03 20 24 83 00,Honoraires libres,Conventionné secteur 2
11,oto-rhino-laryngologue-orl-et-chirurgien-cervico-facial,59200,VERNIER  CLAIRE,49T RUE CARNOT 59200 TOURCOING,03 20 76 31 00,Honoraires libres,Conventionné secteur 2
12,oto-rhino-laryngologue-orl-et-chirurgien-cervico-facial,59200,FENART  GAETAN,49T RUE CARNOT 59200 TOURCOING,03 20 76 31 00,Honoraires sans dépassement,Conventionné secteur 1
