,Specialité,Commune,Nom,Adresse,Téléphone,Honoraires,Convention
0,pediatre,59910,MAGDELAINE COCQUEEL  CAROLINE,CABINET DU DR JEAN FRANCOIS LIENHARDT 670 AVENUE DU GENERAL DE GAULLE 59910 BONDUES,03 20 23 06 56,Honoraires libres,Conventionné secteur 2
1,pediatre,59910,LIENHARDT  JEAN FRANCOIS,CABINET DU DR JEAN FRANCOIS LIENHARDT 670 AVENUE DU GENERAL DE GAULLE 59910 BONDUES,03 20 23 06 56,Honoraires sans dépassement,Conventionné secteur 1
2,pediatre,59170,QUERUAU LAMERIE  ERIC,16 RUE DE L'OUEST 59170 CROIX,03 20 98 05 28,Honoraires sans dépassement,Conventionné secteur 1
3,pediatre,59223,LOCQUET  ANDRE,270B RUE DE LILLE 59223 RONCQ,03 20 46 54 52,Honoraires sans dépassement,Conventionné secteur 1
4,pediatre,59100,EVERAERE  CHRISTOPHE,CABINET DU DR EVERAERE CHRISTOPHE 92 BOULEVARD DU GENERAL DE GAULLE 59100 ROUBAIX,03 20 73 82 74,Honoraires libres,Conventionné secteur 2
5,pediatre,59100,FOURIER LAMISSE  CATHERINE,CABINET DU DR CATHERINE FOURIER LAMISS 92 BOULEVARD DU GENERAL DE GAULLE 59100 ROUBAIX,03 20 73 82 74,Honoraires avec dépassements maîtrisés (contrat d'accès aux soins),Conventionné secteur 2 avec contrat d'accès aux soins
6,pediatre,59100,BLANCKAERT  ANNE,CABINET DU DR ANNE BLANCKAERT LE TEMPS DES ENFANTS 92 BOULEVARD DU GENERAL DE GAULLE 59100 ROUBAIX,03 20 73 82 74,Honoraires sans dépassement,Conventionné secteur 1
7,pediatre,59100,DEBRUYCKERE  DAMIEN,CABINET DU DR DAMIEN DEBRUYCKERE 92 BOULEVARD DU GENERAL DE GAULLE 59100 ROUBAIX,03 20 73 82 74,Honoraires sans dépassement,Conventionné secteur 1
8,pediatre,59100,GONDE  SABINE,CABINET DU DR SABINE GONDE 92 BOULEVARD DU GENERAL DE GAULLE 59100 ROUBAIX,03 20 73 82 74,Honoraires avec dépassements maîtrisés (contrat d'accès aux soins),Conventionné secteur 2 avec contrat d'accès aux soins
9,pediatre,59100,GARBE  CATHERINE,CABINET DU DR CATHERINE GARBE 92 BOULEVARD DU GENERAL DE GAULLE 59100 ROUBAIX,03 20 73 82 74,Honoraires sans dépassement,Conventionné secteur 1
10,pediatre,59100,CAMPION  ANTOINE,CABINET DU DR ANTOINE CAMPION 92 BOULEVARD DU GENERAL DE GAULLE 59100 ROUBAIX,03 20 73 82 74,Honoraires sans dépassement,Conventionné secteur 1
11,pediatre,59200,AKOUM MOUKAHAL  MOUNAYAT,CABINET DU DR MOUNAYAT MOUKAHAL AKOUM CLINIQUE VAL DE LYS 167 RUE NATIONALE 59200 TOURCOING,03 20 26 14 50,Honoraires sans dépassement,Conventionné secteur 1
12,pediatre,59200,LIENHARDT  JEAN FRANCOIS,CABINET DU DR JEAN FRANCOIS LIENHARDT 167 RUE NATIONALE 59200 TOURCOING,,Honoraires sans dépassement,Conventionné secteur 1
13,pediatre,59200,BOSCHIN  JEAN PIERRE,CABINET DU DR JEAN PIERRE BOSCHIN 167 RUE NATIONALE 59200 TOURCOING,03 20 36 58 21,Honoraires sans dépassement,Conventionné secteur 1
14,pediatre,59200,MAZEYRAC  MARIE HELENE,CABINET DU DR MARIE HELENE MAZEYRAC 164 RUE DE ROUBAIX 59200 TOURCOING,,Honoraires sans dépassement,Conventionné secteur 1
15,pediatre,59290,BERTIN  PASCALE,86 RUE DELERUE 59290 WASQUEHAL,03 20 82 41 54,Honoraires sans dépassement,Conventionné secteur 1
16,pediatre,59150,BOUZGUENDA  IVAN,INTERCARD LE CARRE BERLIOZ 58 RUE PIERRE CATTEAU 59150 WATTRELOS,,Honoraires sans dépassement,Conventionné secteur 1
