,Specialité,Commune,Nom,Adresse,Téléphone,Honoraires,Convention
0,psychiatre,59100,BOUCHE  NICOLAS,CABINET DU DR NICOLAS BOUCHE 30 BOULEVARD DU GENERAL LECLERC 59100 ROUBAIX,03 20 27 15 05,Honoraires sans dépassement,Conventionné secteur 1
1,psychiatre,59100,MACRI  FRANCESCO,CABINET DU DR FRANCESCO MACRI 30 BOULEVARD DU GENERAL LECLERC 59100 ROUBAIX,03 20 27 15 05,Honoraires sans dépassement,Conventionné secteur 1
2,psychiatre,59100,DEHEUNYNCK  JEAN DAVID,CABINET DU DR JEAN DAVID DEHEUNYNCK 30 BOULEVARD DU GENERAL LECLERC 59100 ROUBAIX,03 20 27 15 05,Honoraires sans dépassement,Conventionné secteur 1
3,psychiatre,59100,VAVASSEUR DESPERRIERS  JULIEN,CABINET DU DR JULIEN VAVASSEUR DESPERR 30 BOULEVARD DU GENERAL LECLERC 59100 ROUBAIX,03 20 27 15 05,Honoraires sans dépassement,Conventionné secteur 1
4,psychiatre,59100,PERRET  CHRISTOPHE,LOT D9 102 BOULEVARD MONTESQUIEU 59100 ROUBAIX,03 20 73 80 43,Honoraires avec dépassements maîtrisés (contrat d'accès aux soins),Conventionné secteur 2 avec contrat d'accès aux soins
5,psychiatre,59100,FAUQUET  JOEL,CABINET DU DR JOEL FAUQUET 25 GRAND PLACE 59100 ROUBAIX,03 20 73 33 33,Honoraires sans dépassement,Conventionné secteur 1
6,psychiatre,59100,VERMEIL  TONY,CABINET DU DR TONY VERMEIL 27 BIS GRAND PLACE 59100 ROUBAIX,03 20 80 67 36,Honoraires avec dépassements maîtrisés (contrat d'accès aux soins),Conventionné secteur 2 avec contrat d'accès aux soins
7,psychiatre,59100,TOEUF  STEPHANE,CABINET DU DR STEPHANE TOEUF 30 BOULEVARD DU GENERAL LECLERC 59100 ROUBAIX,03 20 27 15 05,Honoraires sans dépassement,Conventionné secteur 1
8,psychiatre,59100,TASNIERE  GREGORY,CABINET DU DR GREGORY TASNIERE 27 BIS GRAND PLACE 59100 ROUBAIX,,Honoraires avec dépassements maîtrisés (contrat d'accès aux soins),Conventionné secteur 2 avec contrat d'accès aux soins
9,psychiatre,59100,AGABABA  PAUL,160 RUE DE L'HOMMELET 59100 ROUBAIX,03 20 73 57 86,Honoraires sans dépassement,Conventionné secteur 1
10,psychiatre,59200,DEFRANCE LEMAY  MARYSE,CABINET DU DR MARYSE DEFRANCE LEMAY 84 RUE CARNOT 59200 TOURCOING,03 20 25 20 10,Honoraires avec dépassements maîtrisés (contrat d'accès aux soins),Conventionné secteur 2 avec contrat d'accès aux soins
11,psychiatre,59200,BEYLS  VINCENT,83 RUE DE LILLE 59200 TOURCOING,03 20 70 78 00,Honoraires sans dépassement,Conventionné secteur 1
