,Specialité,Commune,Nom,Adresse,Téléphone,Honoraires,Convention
0,rhumatologue,59100,BEAURAIN  DIDIER,31 BOULEVARD DU GENERAL LECLERC 59100 ROUBAIX,,Honoraires libres,Conventionné secteur 2
1,rhumatologue,59100,VANNIMENUS  PIERRE,CABINET DU DR PIERRE VANNIMENUS BAT A ENTREE B 33 RUE DUPLEIX 59100 ROUBAIX,03 20 01 72 17,Honoraires sans dépassement,Conventionné secteur 1
2,rhumatologue,59100,TOULEMONDE  JEAN FRANCOIS,CABINET DU DE JEAN FRANCOIS TOULEMONDE 31 BOULEVARD DU GENERAL LECLERC 59100 ROUBAIX,03 20 99 91 50,Honoraires libres,Conventionné secteur 2
3,rhumatologue,59100,FRERES  CHRISTOPHE,CABINET DU DR CHRISTOPHE FRERES 31 BOULEVARD LECLERC 59100 ROUBAIX,03 20 99 91 50,Honoraires sans dépassement,Conventionné secteur 1
4,rhumatologue,59100,FIORENTINO  STEPHANIE,CABINET DU DR STEPHANIE FIORENTINO 31 BOULEVARD DU GENERAL LECLERC 59100 ROUBAIX,03 20 99 91 50,Honoraires libres,Conventionné secteur 2
5,rhumatologue,59200,GAMBIER  YVES,CABINET DU DR YVES GAMBIER PARC ALHENA 1 64 AVENUE ALFRED LEFRANCOIS 59200 TOURCOING,03 20 27 67 67,Honoraires sans dépassement,Conventionné secteur 1
6,rhumatologue,59200,ROCHES  ELISABETH,PARC ALHENA 1 64 AVENUE ALFRED LEFRANCOIS 59200 TOURCOING,03 20 27 67 67,Honoraires sans dépassement,Conventionné secteur 1
